SN	Question	Answer
1	ќѕ«ждѕ ё—¬д Ш—нг —« »е Не “»«д  Ё—” «ѕ «”  	“»«д —”«н Џ—»н
2	Не Ш”н ё—¬д Ш—нг —« »е “»«д —”«н Џ—»н Ё—” «ѕ «”  	 ќѕ«ждѕ
3	«д”«д Не Нн“н —« ѕ— Ёег гЏ«—Ё ё—¬д »«»ѕ »е Ш«— »ндѕ«“ѕ 	Џёб «д”«д
4	Џёб «д”«д »—«н Не Нн“н »«нѕ »еЭШ«— »ндѕ«“ѕ 	 ѕ— Ёег гЏ«—Ё ё—¬д »е Ш«—
5	Шѕ«г ѕ«” «д »е —нд ѕ«” «д «”  	 ѕ«” «д нж”Ё
6	ќѕ«ждѕ Не Нн“н —« »е Бн«г»— жЌн Ш—ѕ 	ё—¬д 
7	нж”Ё ѕ— ќж«» Ндѕ ” «—е ѕнѕ 	н«“ѕе ” «—е
8	нж”Ё ѕ— ќж«» Не ѕнѕ	 ” «—е
9	нж”Ё ѕ— Не Ќ«б н н«“ѕе ” «—е ѕнѕ Ше »« ќж—‘нѕ ж г«е ѕ— »—«»— нж”Ё ”ћѕе гнЭШддѕ 	 ѕ— ќж«»
10	нж”Ё ѕ— ќж«» н«“ѕе ” «—е ѕнѕ Ше »« ќж—‘нѕ ж г«е ѕ— »—«»— нж”Ё Не гнЭШддѕ	”ћѕе гнЭШддѕ
11	нЏёж» »е ЭБ”—‘ ѕ—»«—е ќж«» нж”Ё Не РЁ 	ѕ—»«—е ќж«»‘ Нн“н дРжнѕ
12	нж”Ё Не Нн“н —« »—«н »—«ѕ—«д  Џ—нЁ дШдѕ	 ќж«» ќжѕ —«
13	Не Ш”н ѕ‘гд Џбдн «д”«д «” 	 ‘нЎ«д
14	ѕ‘гдн ‘нЎ«д НРжде «”  	 ѕ‘гд Џбдн
15	Не Ш”н нж”Ё —« »—гнЭР“ндѕ 	 ќѕ«
16	Не Ш”н нж”Ё —« »—гнЭР“ндѕ	 ќѕ«
17	ќѕ«ждѕ »е нж”Ё Не Нн“н —« н«ѕ ѕ«ѕ	 Џ»н— ќж«» Бн‘ »ндн Ќж«ѕЋ ¬ндѕе
18	Не Ш”н ег  Џ»н— ќж«» ж Бн‘Э»ндн Ќж«ѕЋ ¬ндѕе —« н«ѕ нж”Ё ѕ«ѕ 	 ќѕ«ждѕ
19	ќѕ« ег  Џ»н— ќж«» ж Бн‘Э»ндн Ќж«ѕЋ ¬ндѕе —« »е Не Ш”н н«ѕ ѕ«ѕ  	 »е нж”Ё
20	ќѕ«ждѕ Не Нн“н —« »е нж”Ё ж ќ«дѕ«д нЏёж» ѕ«ѕ	дЏг ‘
21	ќѕ«ждѕ дЏг ‘ —« »еЭЎж— Ш«гб »е Не Ш”«дн ѕ«ѕ  	нж”Ё ж ќ«дѕ«д
22	Не Ш”н ѕ«д«н Ш«—ѕ—”  «” 	 ќѕ«
23	»—«н  ‘дР«д Ќёнё  ѕ— ѕ«” «д нж”Ё ж »—«ѕ—«д‘ Не Нн“н «”  	ѕ—”Эе«н Ё—«ж«дн
24	Не Ш”«дн ѕ— ѕ«” «д нж”Ё ж »—«ѕ—«д‘ ѕ—”Эе«н Ё—«ж«дн гнРн—дѕ.	»—«н  ‘дР«д Ќёнё  ѕ—”Эе«н Ё—«ж«дн
25	нж”Ё ж »—«ѕ—‘ »дн«гнд ѕ— Н‘г нЏёж» Џ“н“ — «“ Не Ш”«дн »жѕдѕ 	ѕ— Н‘г нЏёж» Џ“н“ — «“ »—«ѕ«д
26	Не Ш”«дн ѕ— Н‘г нЏёж» Џ“н“ — «“ »—«ѕ—«д »жѕ 	 нж”Ё ж »—«ѕ—‘ »дн«гнд
27	Не Ш”н РЁ  нж”Ё —« »Ш‘нѕ н« ѕ— ћ«нн ѕж—ѕ”  —е«н‘ Шднѕ 	»—«ѕ—«д
28	нШн «“ »—«ѕ—«д РЁ  нж”Ё —« ѕ— Шћ« —е«н‘ Шднѕ 	 ѕ— ћ«нн ѕж—ѕ” 
29	»—«ѕ—«д нж”Ё —« ѕ— Шћ« Р–«‘ д 	Н«е
30	»—«ѕ—«д Не Ш”н —« ѕ— Н«е —е« Ш—ѕдѕ	нж”Ё
31	»—«н  ‘дР«д Ќёнё  ѕ— ѕ«” «де«н ё—¬д Не Нн“н «”  	ѕ—”Эе«н Ё—«ж«дн
32	Ш«—ж«дн Не “г«дн нж”Ё —« Бнѕ« гнШддѕ 	 »е жё  »«б« Ш‘нѕд ¬»
33	 Не Ш”н »е жё  »«б« Ш‘нѕд ¬» нж”Ё —« Бнѕ« Шдѕ	 Ш«—ж«д
34	»—«ѕ—«д »е нЏёж» РЁ д Ше ќн—ќж«е Не Ш”н е” дѕ 	нж”Ё
35	нж”Ё »е ег—«е Не Ш”«дн —«ен ѕ‘ Э жЭ ѕгд »—«н »«“н ‘ѕ 	нж”Ё —« »« »—«ѕ—«д 
36	»—«ѕ—«д ёжб ѕ«ѕдѕ Ш«гб« г—«ё» Не Ш”н »«‘дѕ 	нж”Ё
37	Не Ш”«дн ёжб ѕ«ѕдѕ Ш«гб« г—«ё» нж”Ё »«‘нг	 »—«ѕ—«д
38	нЏёж» «“ Не Нн“н гнЭ —”нѕ 	Р—Р нж”Ё —« »ќж—ѕ
39	»—«ѕ—«д  ’гнг Р—Ё дѕ нж”Ё —« ѕ— Шћ« »Р–«—дѕ	 ѕ— Н«е
40	Не Ш”«дн  ’гнг Р—Ё дѕ нж”Ё —« ѕ— Н«е »Р–«—дѕ 	»—«ѕ—«д
41	Не Ш”«дн нж”Ё —« ѕ— Н«е Р–«‘ дѕ	»—«ѕ—«д
42	»—«ѕ—«д нж”Ё Не “г«дн Р—неЭШд«д Бн‘ нЏёж» ¬гѕдѕ 	 ”— ‘» Бн‘ нЏёж»
43	»—«ѕ—«д нж”Ё ”—ц ‘» »« Не Ќ«б н Бн‘ нЏёж» ¬гѕдѕ 	 Р—не Шд«д
44	»—«ѕ—«д нж”Ё ”—ц ‘» Р—неЭШд«д Бн‘ Не Ш”н ¬гѕдѕ 	 Бн‘ нЏёж»
45	»—«ѕ—«д Бн—«ед Не Ш”н —« ќждЭг«бн Ш—ѕе »жѕдѕ 	 Бн—«ед нж”Ё —«
46	Не Ш”«дн Бн—«ед нж”Ё —« ќждЭг«бн Ш—ѕе »жѕдѕ 	 »—«ѕ—«д
47	»—«ѕ—«д Бн—«ед нж”Ё —« Не Ш—ѕдѕ 	ќжд г«бн Ш—ѕе »жѕдѕ
48	«“ Не Ш”н »«нѕ н«—н ќж«”  	 ѕ— »—«»— Ќ—ЁЭе«н нШ ”— ѕ—жџ »—«ѕ—«д «“ ќѕ«
49	Не Ш”н ѕ— »—«»—ц Ќ—ЁЭе«н нШЭ”— ѕ—жџ »—«ѕ—«д «“ ќѕ« »«нѕ н«—н ќж«”  	 нЏёж» »—«ѕ—«д «“ ќѕ«
50	нЏёж» ѕ— »—«»—ц Ќ—ЁЭе«н нНе Ш”«дн «“ ќѕ« »«нѕ н«—н ќж«”  	 ѕ— »—«»— Ќ—ЁЭе«н нШ ”— ѕ—жџ »—«ѕ—«д «“ ќѕ«
51	нЏёж» ѕ— »—«»—ц  Не джЏ Ќ—ЁЭе«н »—«ѕ—«д «“ ќѕ« »«нѕ н«—н ќж«”  	 ѕ— »—«»— Ќ—ЁЭе«н нШ ”— ѕ—жџ »—«ѕ—«д «“ ќѕ«
52	ѕ— Шѕ«г Ш‘ж— нж”Ё —« »е г»бџ д«Нн“н нЏдн Ндѕ ”Ш? дё—е Ё—жќ дѕ 	 ѕ— Ш‘ж— г’—
53	Не Ш”н —« »е г»бџ д«Нн“н ѕ— Ш‘ж— г’— нЏдн Ндѕ ”Ш? дё—е Ё—жќ дѕ	 —« Ш«—ж«д нж”Ё
54	Ш«—ж«д нж”Ё —« »е Не г»бџн Ё—жќ дѕ	 »е г»бџ д«Нн“н
55	Не ‘ќ’н  нж”Ё —« ќ—нѕ	’ѕ—«Џўг г’—
56	ѕ— Шћ« нж”Ё —« »е г»бџ д«Нн“н Ё—жќ дѕ 	 ѕ— Ш‘ж— г’—
57	’ѕ—«Џўг Шћ« нж”Ё —« ќ—нѕ 	ѕ— г’—
58	Не Ш”н ѕ— г’— нж”Ё —« ќ—нѕ 	 ’ѕ—«Џўг г’—
59	’ѕ—«Џўг г’— »е Не Ш”н ”Ё«—‘ Ш—ѕ Ќ”«»н нж”Ё —«  Ќжнб »Рн—ѕ 	 »е ег”—‘ “бнќ« 
60	’ѕ—«Џўг г’— »е ег”—‘ “бнќ« ”Ё«—‘ Ш—ѕ нж”Ё —« Не Шдѕ	”Ё«—‘ Ш—ѕ  Ќжнб »Рн—
61	нж”Ё Ё—“дѕќж«дѕе Не Ш”н ‘ѕ 	нж”Ё Ё—“дѕќж«дѕе ’ѕ—«Џўг г’—
62	нж”Ё Не д”» н »« ’ѕ—«Џўг г’— ѕ«‘  	Ё—“дѕќж«дѕе
63	ќѕ«ждѕ нж”Ё —« «“ Не «гШ«д«  »е—еЭгдѕ‘ Ш—ѕ 	 «“ «гШ«д«  г«ѕн ж гЏджн
64	ќѕ«ждѕ »е нж”Ё Не Нн“н —« н«ѕ ѕ«ѕ	 Џ»н— ќж«» Бн‘ »ндн Ќж«ѕЋ ¬ндѕе
65	Не Ш”н  Џ»н— ќж«» ж Бн‘Э»нднц Ќж«ѕЋ ¬ндѕе —« »е нж”Ё н«ѕ ѕ«ѕ 	 ќѕ«ждѕ
66	ќѕ«ждѕ  Џ»н— ќж«» ж Бн‘Э»нднц Ќж«ѕЋ ¬ндѕе —« »е Не Ш”н н«ѕ ѕ«ѕ 	 »е нж”Ё
67	ќѕ«ждѕ Бн‘Э»нднц Ќж«ѕЋ Не “г«дн —« »е нж”Ё н«ѕ ѕ«ѕ 	  Џ»н— ќж«» —« Бн‘ »ндн Ќж«ѕЋ ¬ндѕе
68	Не жё  ќѕ«ждѕ »е нж”Ё ЌШг  ж ѕ«д‘ »ќ‘нѕ 	 ећѕе ”«бРн
69	ќѕ«ждѕ »е нж”Ё Не Нн“н »ќ‘нѕ 	 ЌШг 
70	Не Ш”н »е нж”Ё ЌШг  ж ѕ«д‘ »ќ‘нѕ 	 ќѕ«ждѕ
71	ќѕ«ждѕ »е ѕ—” Ш«—«д Не Б«ѕ«‘н гнЭѕеѕ 	ЌШг  ж ѕ«д‘
72	Не Ш”н »е ѕ—” Ш«—«д ЌШг  ж ѕ«д‘ Б«ѕ«‘ гнЭѕеѕ 	 ќѕ«ждѕ
73	ќѕ«ждѕ »е Не Ш”«дн ЌШг  ж ѕ«д‘ Б«ѕ«‘ гнЭѕеѕ 	»е ѕ—” Ш«—«д
74	нж”Ё ѕ— Шћ« “дѕРн гнЭШ—ѕ 	 ѕ— Ш«ќ “бнќ«
75	Не Ш”н ѕ— Ш«ќ “бнќ« “дѕРн гнЭШ—ѕ 	 нж”Ё
76	“бнќ« ѕд»«б Не —«»Ўе »« нж”Ё »жѕ 	 “бнќ« ѕд»«б —«»Ўе д«г‘—жЏ »« нж”Ё
77	“бнќ« ѕд»«б —«»Ўе д«г‘—жЏ »« Не Ш”н »жѕ 	 “бнќ« ѕд»«б —«»Ўе д«г‘—жЏ »« нж”Ё
78	Не Ш”н ѕд»«б —«»Ўе д«г‘—жЏ »« нж”Ё »жѕ 	“бнќ«
79	Не Ш”н дР–«‘  Ќ н гнб »е “д« ”—«џ нж”Ё »—жѕ. 	ќѕ«ждѕ
80	нж”Ё »—«н Ё—«— «“ “бнќ« »е Шћ« ѕжнѕ 	 »е Ў—Ё ѕ— ќ—жћн
81	Не Ш”н »—«н Ё—«— «“ “бнќ« »еЭ Ў—Ё ѕ— ќ—жћн ѕжнѕ  	 нж”Ё
82	ќѕ«ждѕ »е нж”Ё ЌШг  ж ѕ«д‘ —« ѕ— Ндѕ ”«бн »ќ‘нѕ 	 ећѕе ”«бРн
83	нж”Ё »—«н Ё—«— «“ Не Ш”н »еЭ Ў—Ё ѕ— ќ—жћн ѕжнѕ 	 »—«н Ё—«— «“ “бнќ«
84	“бнќ« »—«н Р—Ё д нж”Ё Не Ш—ѕ 	 ѕжнѕ
85	Бн—«ед Не Ш”н «“ »«б«  « Б«ннд Б«—е ‘ѕ 	 Бн—«ед нж”Ё
86	нж”Ё ж “бнќ« д«Ре«д ѕг ѕ— »« Не Ш”н —ж»еЭ—ж ‘ѕдѕ 	 д«Ре«д »« ‘же—
87	Не Ш”«дн ѕ— ѕ—»«— “бнќ« —«  ”—“д‘ Р‘жѕдѕ	 ЏѕеЭ«н «“ “д«д
88	ЏѕеЭ«н «“ “дЭе«н ѕ—»«— Не Ш”н —« ”—“д‘ Ш—ѕдѕ. 	 —« “бнќ«
89	Не Ш”н ѕд»«б —«»Ўе д«г‘—жЏ »« »—ѕеЭ«‘ »жѕе «”  	 ег”— ’ѕ—«Џўг г’—
90	ЏѕеЭ«н «“ “д«д Шћ« “бнќ« —«  ”—“д‘ Ш—ѕдѕ	ѕ—»«—
91	ег”— Не Ш”н ѕд»«б —«»Ўе д«г‘—жЏ »« »—ѕеЭ«‘ »жѕе «”  	 ег”— ’ѕ—«Џўг г’—
92	“дЭе«н ѕ—»«— егнд Ше Н‘г‘«д »е нж”Ё «Ё «ѕ »н «ќ н«— »е ћ«н гнже Не Нн“н —« »—нѕдѕ	ѕ”  е«н‘«д
93	“бнќ« Не Ш”н —« г—«”г ѕЏж  Ш—ѕ 	 “дЭе«н ѕ—»«—
94	Не Ш”н “дЭе«н ѕ—»«— —« »е г—«”г ѕЏж  Ш—ѕ	 “бнќ«
95	“бнќ« »—«н Б–н—«нн «“ “дЭе«н ѕ—»«— Не Нн“н ¬г«ѕе Ш—ѕ 	 гнжеЭ«н
96	“бнќ« »е ѕ”  е—нШ «“ “дЭе«н ѕ—»«— Не Нн“н ѕ«ѕ 	 гнжеЭ«н
97	Не Ш”н »е ѕ”  е—нШ «“ “дЭе«н ѕ—»«— Н«ёж ѕ«ѕ 	 “бнќ«
98	Не “г«дн »нЭ«ќ н«— “дЭе«н ѕ—»«— »еЭћ«н гнже ѕ” Эе«н‘«д —« »—нѕдѕ 	 егнд Н‘г«д »е нж”Ё «Ё «ѕ
99	егндЭШе Н‘г гег«д«д »е нж”Ё «Ё «ѕ »нЭ«ќ н«— Не Ш”«дн »еЭћ«н гнже ѕ” Эе«н‘«д —« »—нѕдѕ	 “дЭе«н ѕ—»«— Н‘г‘«д
100	Не Ш”н «Џ —«Ё Ш—ѕ Ше ѕд»«б —«»Ў? д«г‘—жЏ »« нж”Ё »жѕе 	 ег”— ’ѕ—«Џўг г’—
101	“бнќ« «Џ —«Ё Ш—ѕ Ше ѕд»«б —«»Ў? д«г‘—жЏ »« Не Ш”н »жѕе «”  	 “бнќ« ѕд»«б —«»Ў? д«г‘—жЏ »« нж”Ё
102	“дЭе«н ѕ—»«— »е ћ«н гнже Не Нн“н —« »—нѕдѕњ	 —« ѕ”  е«н‘«д
103	Не Ш”н ег ѕЏ«н нж”Ё —« «ћ«»  Ш—ѕ ж ‘—ш “д«д —« «“ ”—‘ Шж «е Ш—ѕ 	 ќѕ«
104	ќѕ« ег ѕЏ«н Не Ш”н —« «ћ«»  Ш—ѕ	 ѕЏ«н нж”Ё —«
105	Не Ш”н ‘дж«н ѕЏ«е« ж ѕ«д«н дн«“е« «”  	 ќѕ«ждѕ
106	Не Ш”н егЭ“г«д »« ѕж дЁ— «“ »—ѕеЭе«н Б«ѕ‘«е г’— ег »е “дѕ«д «Ё «ѕдѕ 	 нж”Ё
107	 Не Ш”«дн »н «ќ н«— »е ћ«н гнже ѕ”  н‘«д —« »—нѕдѕ	 “дЭе«н ѕ—»«—
108	нж”Ё ег “г«д »« Не Ш”«дн ег »е “дѕ«д «Ё «ѕдѕ	 »« ѕж дЁ— «“ »—ѕеЭе«н Б«ѕ‘«е г’— “г«д
109	нж”Ё егЭ“г«д »« ѕж дЁ— «“ »—ѕеЭе«н Б«ѕ‘«е г’— »е Шћ« «Ё «ѕ	»е “дѕ«д
110	нж”Ё «“ Не ѕндн Бн—жн Ш—ѕеЭ «” 	 «“ ѕнд Бѕ—«д ќжѕ «»—«енг ж «”Ќ«ё ж нЏёж» «”Ќ«ё
111	нж”Ё РЁ  »еЭћ«н ќѕ« Не Нн“н —« гнЭБ—” нѕ  	 —« » е«н »нћ«дн
112	Не Ш”н ѕ” ж— ѕ«ѕе «”  Ше ћ“ ќѕ« —« дБ—” нѕ 	ќѕ«ждѕ  
113	Не Ш”н ¬“«ѕ гнЭ‘жѕ ж ”«ёнц  Б«ѕ‘«е г’— ќж«еѕ ‘ѕ	нШн «“ ѕж “дѕ«дн
114	ќѕ«ждѕ ‘—ш “д«д —« «“ ”— Не Ш”н Шж «е Ш—ѕ	нж”Ё
115	Б—дѕР«д «“ гџ“ ”— Не Ш”н ќж«едѕ ќж—ѕ 	 “дѕ«дн«д ѕнР—
116	Не Ш”н «“ ќ«Ў— ег “дѕ«дн нж”Ё »—ѕ Ше »нЭРд«ен нж”Ё —« »е «—»«»‘ н«ѕ¬ж—н Шдѕ 	 ‘нЎ«д
117	‘нЎ«д «“ ќ«Ў— “дѕ«дн »—ѕ Ше »нЭРд«ен Не Ш”н —« »е «—»«»‘ н«ѕ¬ж—н Шдѕ 	 »н Рд«ен нж”Ё —«
118	Не Ш”н ѕ«∆г ќж«» ¬‘Ё е гнЭ»ндѕ	 Б«ѕ‘«е г’— Р«ж еЁ  б«џ— ќж‘е еЁ  ќ‘Ш
119	еЁ  Р«ж б«џ— Не Нн“н —« гнЭќж—дѕ 	 еЁ  Р«ж Н«ё —« ¬де« —«
120	еЁ  ќж‘? ќ‘Ш »е ѕж— Не Нн“н гнЭБнНдѕ 	«“ гнЭ»—дѕ
121	“дѕ«дн дћ«  н«Ё е Не “г«дн »е н«ѕ нж”Ё «Ё «ѕ	 »Џѕ «“ гѕ Эе«
122	Не Ш”н »Џѕ «“ гѕ Эе« н«ѕ нж”Ё «Ё «ѕ 	 “дѕ«дн
123	нж”Ё РЁ  Ндѕ ”«б гЌ’жб‘ —« »« ќж‘е –ќн—е Шднѕ	 еЁ  ”«б Б‘  ”—ег »Ш«—нѕ
124	“дѕ«дн дћ«  н«Ё е »Џѕ «“ гѕ Эе« »е н«ѕ Не Ш”н «Ё «ѕ	»е н«ѕ нж”Ё
125	нж”Ё РЁ  еЁ  ”«б Б‘ Э”—ег Не Шддѕ  	–ќн—е Шднѕ
126	нж”Ё РЁ  Ндѕ ”«б Б‘  ”—ег »Ш«—нѕ ж гЌ’жб‘ —« »« ќж‘е –ќн—е Шднѕ	 еЁ  ”«б Б‘  ”—ег »Ш«—нѕ
127	»Џѕ «“ Не гѕ н ѕж—е ёЌЎн гнЭ—”ѕ	»Џѕ «“ еЁ  ”«б
128	Б«ѕ‘«е г’— »« ‘днѕд  Џ»н— ќж«»‘ ѕ” ж— ¬“«ѕн Не Ш”н —« ѕ«ѕ	нж”Ё
129	Не Ш”н »« ‘днѕд  Џ»н— ќж«»‘ ѕ” ж— ¬“«ѕн нж”Ё —« ѕ«ѕ 	 Б«ѕ‘«е г’—
130	Б«ѕ‘«е »« ‘днѕд Не Нн“н ѕ” ж— ¬“«ѕн нж”Ё —« ѕ«ѕ 	 »« ‘днѕд  Џ»н— ќж«»‘ ¬“«ѕн нж”Ё
131	‘нЎ«д «“ ќ«Ў— ег “дѕ«дн нж”Ё »—ѕ Ше »н Рд«ен нж”Ё —« Бн‘ Не Ш”н н«ѕ¬ж—н Шдѕ	 “дѕ«дн нж”Ё »е «—»«» ‘
132	Не Ш”н РЁ  нж”Ё —« Бн‘ гд »н«ж—нѕ 	 Б«ѕ‘«е г’—
133	Б«ѕ‘«е г’— РЁ  Не Ш”н —« Бн‘ «ж »н«ж—нѕ 	 нж”Ё —«
134	нж”Ё РЁ  еЁ  ”«б Б‘  ”—ег Не Шддѕ	—ѕ ‘ѕ
135	Не Ш”н »« ‘днѕд  Џ»н— ќж«»‘ ѕ” ж— ¬“«ѕн нж”Ё —« ѕ«ѕ 	 Б«ѕ‘«е г’—
136	нж”Ё ѕ— џн«» Не Ш”н »е д«гж”‘ ќн«д  дШ—ѕ 	 ѕ— џн«» ’ѕ—«Џўг
137	Не Нн“н »«ЏЋ ¬“«ѕн нж”Ё —« ‘ѕ 	 ќѕ«
138	нж”Ё РЁ  Ндѕ ”«б Б‘  ”—ег »Ш«—нѕ	 ”«б еЁ 
139	ќѕ« Ќнбе Не Ш”«дн —« »е ”—«дћ«г дгнЭ—”«дѕ 	 —« Ќнбе ќ«∆дЭе«
140	Не Нн“н «д”«д —« »е »ѕн е« Ё—г«д гнЭѕеѕ  	 дЁ” ”—Ш‘
141	 ќѕ«ждѕ Ќнбе Не Ш”«дн —« »е ”—«дћ«г дгнЭ—”«дѕ	Ќнбе ќ«∆дЭе«
142	Б«ѕ‘«е г’— »е д»жџ ж дћ«»  Не ‘ќ’н Бн »—ѕ	д»жџ дћ«»  нж”Ё
143	нж”Ё «“ Не “г«дн Бн‘ Б«ѕ‘«е г’— «—ћгдѕн ж «гнд ‘ѕ 	 нж”Ё Бн‘ Б«ѕ‘«е г’—
144	нж”Ё  »е ”г  ќ“«де ѕ«—н Шћ« гд’ж» ‘ѕ 	г’—
145	нж”Ё »е  Не ”г  гд’ж» ‘ѕ 	ќ“«де ѕ«—н
146	ќѕ«ждѕ нж”Ё —« ѕ— Шћ« »е ёѕ—  ж ѕжб  —”«дѕ	”—“гнд г’—
147	Не Ш”н нж”Ё —« »е ёѕ—  ж ѕжб  —”«дѕ 	 ќѕ«ждѕ
148	ќѕ« ће Ш”«дн —« «“ —Ќг  ќѕ« »—ќж—ѕ«—‘ гнЭШдѕ 	 —Ќг  ќѕ«
149	ќѕ«ждѕ Б«ѕ«‘ ѕднжн Не Ш”«дн —« Б«нг«б дгнЭШдѕ 	Б«ѕ«‘ ѕднжн ѕ—” Ш«—«д —«
150	»—«н Не Ш”«дн Б«ѕ«‘ ¬ќ—  ж«ёЏ«р »е — «”  	 ж«ёЏ«
151	»—«ѕ—е«н нж”Ё ѕ— Не “г«дн —«ен г’— ‘ѕдѕ 	 ѕ— ѕж—«д ќ‘Ш ”«бн
152	»—«ѕ—«д РЁ дѕ »—«н ¬ж—ѕд »дн«гнд —÷«н  Не Ш”» —« ћб» гн Шднг 	 —÷«н  Бѕ— г«д —«
153	нж”Ё Бжбн —« Ше »«»  ќ—нѕ џбе »—«ѕ—«д Б—ѕ«ќ еЭ«дѕ —« Шћ« гќЁн Ш—ѕ 	 »«»  ќ—нѕ џбе »—«ѕ—«д ѕ— »«—е«н‘«д
154	Не Ш”н »е —нд г—«ё» «”  	 ќѕ«  
155	нж”Ё Бжбн —« Шћ« гќЁн Ш—ѕ 	»«— »дн«гнд
156	нЏёж» Не Ш”н —« »— ёжб ж ё—«—н Ше Р–«‘ д ‘«еѕ Р—Ё  	 ќѕ«н д«Ш—ѕе
157	»—«ѕ—«д Не Ўж— ж«—ѕ Б«н ќ  г’— ‘ѕдѕ 	 ег«д Ўж— Ше нЏёж» ”Ё«—‘ Ш—ѕе »жѕ
158	ћ«г “—нд Не Ш”н —« гќЁн«де ѕ— »«— »—«ѕ—‘ »дн«гнд° Р–«‘ 	Б«ѕ‘«е г’—
159	Ё—“дѕ«д нЏёж» »—«н Не Ш«—н »е г’— дн«гѕеЭ«дѕ 	 »е ќѕ« »—«н ќ—«»Ш«—н »е ќѕ« Ё—“дѕ«д нЏёж» »—«н ќ—«»Ш«—н »е г’— дн«гѕеЭ«дѕ .
160	гћ«“«  ѕ“ѕн Не Нн“н «”  	 ж«ёЏ«
161	ћ«г “—нд —« «“ »«— Не Ш”н »н—жд ¬гѕ 	 нж”Ё
162	ѕ— ѕ«” «д Бн«г»—«д Не ѕ—” »—«н ќ—ѕгдѕ«д «”   	 ѕ—” Џ»— н »—«н ќ—ѕгдѕ«д
163	Не Ш «»н гЌ«б «”  ”ќдн ”«ќ Рн »«‘ѕ 	 ё—¬д
164	Не Ш”«дн ќн«б гнЭШ—ѕдѕ жЏѕеЭ«н Ше »е Бн«г»—«д ѕ«ѕе ‘ѕе ѕ—жџ »жѕе «”  	 г—ѕг
165	—÷«н  Не Ш”н —« »—«н ¬ж—ѕд »дн«гнд »«нѕ ћб» гн Ш—ѕдѕ	—÷«н  Бѕ— г«д —«
166	Не Ш”«дн дћ«  Бнѕ« гнЭШддѕ 	 Ш”«дн
167	Џ–«» ”ќ  ќѕ«ждѕ »—«н Не Ш”«дн «”  	 “н—«  ёѕн—е« еге .
168	ќѕ«ждѕ ё»б «“ Бн«г»— ѕ— Шћ« «д”«дЭе«нн —« »—«н Бн«г»—н Ё—” «ѕ «”  	‘е—е«нн
169	Џ–«» «бен гЋб ће Нн“н »— ”— г—ѕг ”«не гн «дѕ«“ѕ 	 “дѕ«дн ѕнР—
170	г—ѕг ѕ— Не Ќ«б н бЌўе ён«г  ”—«џ‘«д гн ¬нѕ 	 Р—не Шд«д
171	д‘«деЭе«н «бен ѕ— ѕ— Шћ« «”  	 ¬”г«дЭе« ж “гнд
172	ё—¬д г«не »е Эќжѕ¬гѕд Не Ш”«дн «”  	 ЁёЎ
173	»—«ѕ—«д »—«н д«»жѕнЭ Не Ш”н дё‘е гнЭШ‘нѕдѕ 	 »—«н д«»жѕн нж”Ё
174	еге Ш” жЭ Ш«— нж”Ё ѕ— ѕдн« ж ¬ќ—  Не Ш”н «”  	 ж ¬ќ— 
175	нж”Ё ѕ” ж— ѕ«ѕ Бѕ— ж г«ѕ—‘ —« ѕ— Шћ« »—  ќ  д‘«дѕдѕ 	»«б«н  ќ 
176	Не Ш”«дн ѕ— »—«»— нж”Ё ”ћѕеЭШд«д »е ќ«Ш «Ё «ѕдѕ 	 Бѕ— ж г«ѕ— ж еге »—«ѕ—«д ‘
177	Не Ш”н ж”нбе ¬“«ѕн нж”Ё —« «“ “дѕ«д Ё—«ег ”«ќ  	 ќѕ«ждѕ
178	ќѕ«ждѕ нЏёж» —« «“ »н«»«дЭе«н ШдЏ«д »е Шћ« ¬ж—ѕ 	 ѕ— ”—“гнд г’—
179	нж”Ё д“ѕнШ г—“ г’— »е «” ё»«б Не Ш”«дн —Ё  	 г—“ г’— »е «” ё»«б ќ«дж«ѕе ќжѕ
180	Не Нн“н Н‘г«д нЏёж» —« Ёж—н »нд« Ш—ѕ 	 ќѕ«
181	ќѕ« Не Ш”н —« »— — «“ »—«ѕ—«д‘ ё—«— ѕ«ѕ 	 нж”Ё —«
182	»—«ѕ—«д »—«н ¬ж—ѕд »дн«гнд »е г’— —÷«н  Не Ш”н —« »«нѕ ћб» гн ‘жѕ	—÷«н  Бѕ— г«д —«
183	Не Ш”н »—«ѕ—«д —« гмЭ¬г—“ѕ 	 ќѕ«
184	ќѕ« Не Ш”н —« »— — «“ »—«ѕ—«д‘ ё—«— ѕ«ѕ 	 нж”Ё —«
185	ћ«г “—нд —« «“ »«— Не Ш”н »н—жд ¬ж—ѕ 	 нж”Ё
186	ѕ“ѕн гћ«“«  Нн” 	 «”  Ше »—ѕе гнЭ‘жѕ
187	Не Ш”н ж”нбе ќжѕ —« ѕ— »«— »дн«гнд Бнѕ« Ш—ѕ 	 е—Ш” ћ«г “—нд ‘ — џб« 
188	нЏёж» ѕ«” «д џг ж џ’еЭ«г —« Бн‘ Не Ш”н »«“Рж гнЭШдѕ	 нЏёж» Бн‘ »—«ѕ—«д Бн‘ »бШе
189	Не Ш”«дн «“ Р‘«н‘ ж —Ќг  ќѕ« д««гнѕ гнЭ‘ждѕ 	 г—ѕг
190	нж”Ё »е «” ё»«б ќ«дж«ѕе ќжѕ ѕ— Шћ« —Ё .	д“ѕнШ г—“ г’—
191	Не Ш”н —«»Ўе нж”Ё ж »—«ѕ—«д‘ —« ‘Ш—¬» Ш—ѕе »жѕ 	 ‘нЎ«д
192	”—«н ¬ќ—  »—«н Не Ш”«дн »е — «”  	
193	“бнќ« ѕд»«б —«»Ў? д«г‘—жЏ »« Не Ш”н »жѕ  	 “бнќ« ѕд»«б —«»Ў? д«г‘—жЏ »« нж”Ё
194	ќѕ«ждѕ Не Нн“н —« »е Бн«г»— жЌн Ш—ѕнгњ	ё—¬д
195	ѕ«” «д Бн«г»—«д «“ћгбе нж”Ё »—«н ќ—ѕгдѕ«д НРжде «” њ	Џ»—  «” 
196	Не Нн“н »—«н Рд«еШ«—е« Ќ гн «” њ	 Џ–«» ”ќ  ќѕ«ждѕ
197	ќѕ«ждѕ ё»б «“ Не “г«дн ѕ— ‘е—е«н гќ бЁ «д”«де«нн —« »—«н Бн«г»—н Ё—” «ѕ «” њ	 ё»б «“ Бн«г»— «”б«г дн“
198	Не Ш”«дн ѕ— Ќё нЏёж» ж нж”Ё Шж «ен Ш—ѕдѕ	 »—«ѕ—«д
199	Не Ш”«дн »« Н‘г«д »«“ г—ѕг —« »е Ў—Ё ќѕ« ѕЏж  гнЭШддѕ	 Бн«г»— ж Бн—ж«д‘
200	ќѕ«ждѕ Не Ш”н —« «“ »н«»«дЭе«н ШдЏ«д »е г’— ¬ж—ѕ.	 нЏёж» —«
201	Бн«г»— ж Бн—ж«д‘ НРжде г—ѕг —« »е Ў—Ё ќѕ« ѕЏж  гнЭШддѕ	»« Н‘г«д »«“
202	Бн«г»— ж Бн—ж«д‘ Не Ш”«дн —« »е Ў—Ё ќѕ« ѕЏж  гнЭШддѕ	 г—ѕг —«
203	нж”Ё Не Ш”«дн —« ѕ— ¬џж‘ Ш‘нѕ	 Бѕ— ж г«ѕ— ‘ —«
204	»—«ѕ— нж”Ё »« Не Ќ«б н »« нж”Ё »—ќж—ѕ Ш—ѕдѕ	 »« »н «ѕ»н
205	Не Ш”н »е д»жџ ж дћ«»  нж”Ё Бн »—ѕ	Б«ѕ‘«е г’—
206	ќѕ«ждѕ нж”Ё —« ѕ— ”—“гнд г’— »е Не Нн“н —”«дѕ	ёѕ—  ѕжб 
207	ћ«г “—нд Б«ѕ‘«е г’— —« гќЁн«де ѕ— Шћ« Р–«‘ дѕ	ѕ— »«— »дн«гнд »—«ѕ—‘
208	ћ«г “—нд Б«ѕ‘«е г’— —« »« Не Ќ«б н ѕ— »«— »—«ѕ—‘ »дн«гнд° Р–«‘ дѕ	гќЁн«де
209	нж”Ё »е «” ё»«б Не Ш”«дн ѕ— д“ѕнШ г—“ г’— —Ё .	»е «” ё»«б ќ«дж«ѕе ќжѕ 
210	Не ‘ќ’н »е «” ё»«б ќ«дж«ѕе ќжѕ ѕ— д“ѕнШ г—“ г’— —Ё .	нж”Ё
211	Не Ш”н ё—¬д —« н«ѕ гнЭѕеѕ	 ќѕ«н —Ќг«д 
212	ќѕ«н —Ќг«д Не Нн“н —« н«ѕ гнЭѕеѕ	 ё—¬д —« 
213	Не Ш”н «д”«д —« Э¬Ё—нѕ	 ќѕ«
214	ќѕ«ждѕ Не Нн“н —« »е «д”«д гнЭ¬гж“ѕ	“ѕд Ќ—Ё
215	Не Ш”н Ќ—Ё “ѕд —« »е «д”«д гнЭ¬гж“ѕ	 ќѕ«ждѕ
216	«д”«де« ѕ— Ш‘нѕд Ш«б«е« Не дШддѕ	Шг ж “н«ѕ дШднѕ
217	«д”«де« ѕ— Не Ш«—н Шг ж “н«ѕ дШддѕ	 ѕ— Ш‘нѕд Ш«б«е«
218	ќѕ«ждѕ Не ћ«нн —« »—«н “дѕРн «д”«де« ген« Ш—ѕе «” 	“гнд ег —« 
219	Не Ш”н “гнд —« ег »—«н “дѕРн «д”«де« ген« Ш—ѕе «” 	 ќѕ«ждѕ
220	ќѕ«ждѕ “гнд —« ег »—«н Не Нн“н ген« Ш—ѕе «” .	 »—«н “дѕРн «д”«де«
221	Не Нн“н ѕ— “гнд Бнѕ« гнЭ‘жѕ	 Н‘ге е«нн Рж«—«
222	гнжеЭе«н Ржд«Ржд ѕ— Шћ« Бнѕ« гнЭ‘жѕ	 ѕ— “гнд
223	Не Нн“н »« ‘ШжЁеЭе« ѕ— “гнд Ё—«ж«д «” 	дќбЭе«н ќ—г«
224	дќбЭе«н ќ—г« »« ‘ШжЁеЭе« ѕ— Шћ« Ё—«ж«д «” 	 ѕ— “гнд
225	ѕ«деЭе«н ”»ж” ѕ«— ж Рн«е«д ќж‘»ж ѕ— Шћ« жћжѕ ѕ«—ѕ	ѕ— “гнд
226	Не Нн“е«нн ѕ— “гнд жћжѕ ѕ«—ѕ	ѕ«деЭе«н ”»ж” ѕ«— ж Рн«е«д ќж‘»ж
227	ѕ«деЭе«н ”»ж” ѕ«— ѕ— Шћ« жћжѕ ѕ«—ѕ	ѕ— “гнд
228	Рн«е«д ќж‘»ж ѕ— Шћ« жћжѕ ѕ«—ѕ	ѕ— “гнд
229	Не Ш”«дн ёѕ—  дг«ннЭе«н ќѕ« —« «дШ«— гнЭШднѕ	ћд ж «д”
230	ќѕ«ждѕ дќ” нд «д”«д —« «“ Не Ќ«б н ¬Ё—нѕ	 «“ Рб жб«н ќ‘Шнѕе ж »е ‘Шб «‘н«Ѕ ”Ё«бн
231	Не Ш”н дќ” нд «д”«д —« «“ Рб жб«н ќ‘Шнѕе ж »е ‘Шб «‘н«Ѕ ”Ё«бн ¬Ё—нѕ	ќѕ«ждѕ 
232	ќѕ«ждѕ Не Нн“н —« «“ Рб жб«н ќ‘Шнѕе ж »е ‘Шб «‘н«Ѕ ”Ё«бн ¬Ё—нѕ	дќ” нд «д”«д —«
233	ќѕ«ждѕ дќ” нд ћдн«д —« «“ Не Нн“н ¬Ё—нѕ	 «“ ‘ЏбеЭе«н ¬ ‘
234	Не Ш”н дќ” нд ћдн«д —« ¬Ё—нѕ	 ќѕ«ждѕ
235	ќѕ«ждѕ Не Нн“н —« «“ ‘ЏбеЭе«н ¬ ‘ ¬Ё—нѕ	ћдн«д дќ” нд —« 
236	ќѕ«ждѕ Не Нн“н —« Шд«— ег гнЭ¬ж—ѕ	ѕ—н«н ‘ж— ж ‘н—нд —« 
237	Не Ш”н ѕ—н«н ‘ж— ж ‘н—нд —« Шд«— ег гнЭ¬ж—ѕ	 ќѕ«ждѕ
238	Не Нн“н «“ ѕ—н«н ‘ж— ж ‘н—нд »н—жд гнЭ¬нѕ	 г—ж«—нѕ ж г—ћ«д
239	«“ Шћ« г—ж«—нѕ ж г—ћ«д »н—жд гнЭ¬нѕ	 «“ ѕ—н«н ‘ж— ж ‘н—нд
240	ќѕ«ждѕ г«бШ Ш‘ нЭе«н џжб БнШ—н ѕ— Шћ« е” 	ѕ— ѕ—н«
241	гжћжѕ«  ¬”г«дЭе« ж “гнд Не Нн“н —« «“ ќѕ«ждѕ гнЭќж«еѕ	дн«“е«н‘ —«
242	Шѕ«г гжћжѕ дн«“е«н‘ —« «“ ќѕ«ждѕ гнЭќж«еѕ	 гжћжѕ«  ¬”г«дЭе« ж “гнд
243	гжћжѕ«  ¬”г«дЭе« ж “гнд дн«“е«н‘ —« «“ Не Ш”н гнЭќж«еѕ	«“ ќѕ«ждѕ
244	Не Ш”н »е Ќ”«» ж Ш «» «д”«д ж ћд ќж«еѕ —”нѕ	 ќѕ«ждѕ
245	Не “г«дн “»«деЭ«н «“ ¬ ‘ ж ѕжѕ »— ”— «д гнЭ—н“дѕ	 —ж“ ён«г 
246	—ж“ ён«г  Не Нн“н —« »— ”— «д гнЭ—н“дѕ	 “»«деЭ«н «“ ¬ ‘ ж ѕжѕ
247	—ж“ ён«г  “»«деЭ«н «“ ¬ ‘ ж ѕжѕ »— Не Нн“н гнЭ—н“дѕ	 »— ”— «д
248	Не Ш”н енН ћд ж «д”н —« »е ћ«н нШѕнР— гƒ«ќ–е дгнЭШдѕ	 ќѕ«ждѕ
249	ќѕ«ждѕ Не Ш”«дн —« »е ћ«н нШѕнР— гƒ«ќ–е дгнЭШдѕ	ћд енН ж «д”н —« 
250	ќѕ«ждѕ енН ћд ж «д”н —« »е ћ«н нШѕнР— Не гнЭШдѕ	гƒ«ќ–е дгнЭШдѕ
251	Рд«еШ«—е« —« «“ Не Нн“н гн ‘д«”дѕ	 «“ ён«Ёе е«н‘«д
252	Не Ш”«дн —« «“ ён«Ёе е«н‘«д ‘д«ќ 	Рд«еШ«—е« —« 
253	Рд«еШ«—е« —« «“ Не ё”г  гже« гнЭРн—дѕ	 «“ гже«н ћбжн ”— ж «“ Б«е«
254	Рд«еШ«—е« »нд Не Нн“н ѕ— Ќ—Ш  е” дѕ	»нд ¬ ‘н ”ж“«д ж ¬»н ћж‘«д ѕ— Ќ—Ш 
255	Не Ш”«дн »нд ¬ ‘н ”ж“«д ж ¬»н ћж‘«д ѕ— Ќ—Ш  е” дѕ	Рд«еШ«—е« 
256	Не Ш”«дн »— »«б‘ е«нн д—г ж »” —е«нн Р—г бг ѕ«ѕеЭ«дѕ	 Ќж—н«д
257	Ќж—н«д ѕ— Шћ« бг ѕ«ѕеЭ«дѕ	»— »«б‘ е«нн д—г ж »” —е«нн Р—г
258	ќѕ«ждѕ Не Нн“н —« »е «д”«дн Ше «“ ќѕ« » —”ѕ гнЭѕеѕ.	»«џ е«нн Б—‘«ќ ж »—Р —« 
259	Не Ш”н »«џ е«нн Б—‘«ќ ж »—Р —« »е «д”«дн Ше «“ ќѕ« » —”ѕ гнЭѕеѕ.	ќѕ«ждѕ
260	ќѕ«ждѕ »«џ е«нн Б—‘«ќ ж »—Р —« »е Не Нн“н гнЭѕеѕ	»е «д”«дн Ше «“ ќѕ« » —”ѕ
261	«дж«Џ гнжеЭе«н ќж‘ г“е ѕ— Шћ« Бнѕ« гнЭ‘жѕ	ѕ— »е‘ 
262	Не джЏ гнжеЭе«н ѕ— »е‘  Бнѕ« гнЭ‘жѕ	«дж«Џ гнжеЭе«н ќж‘ г“е
263	»е‘ н«д Не гШ«дн «” —«Ќ  гнЭШддѕ	ѕ— »” — «»—н‘г д—г ж д«“Ш
264	Не Ш”«дн ѕ— »” — «»—н‘г д—г ж д«“Ш «” —«Ќ  гнЭШддѕ	»е‘ н«д
265	ѕ— г— »е Б«нндЭ — «“ ¬д »«џЭе«н »е‘ н Не е” 	»«џЭе«н е” 
266	Не Нн“н ѕ— де«н  ”—”»“н ж ќ—гн е” дѕ	 »«џЭе«н »е‘ н
267	Не Нн“н ѕ— »е‘  ѕ— Ќ«б Ёж—«д «” 	 Н‘ге е«нн Рж«—«
268	ѕ— Шћ« гнжеЭе«н Ё—«ж«д «“ћгбе «дж«Џ ќ—г« ж «д«— н«Ё  гнЭ‘жѕ	ѕ— »е‘ 
269	ѕ— »е‘  Не гнжеЭе«н н«Ё  гнЭ‘жѕ	 гнжеЭе«н Ё—«ж«д «дж«Џ ќ—г« ж «д«—
270	ќѕ«ждѕ г«бШ Не Нн“н ѕ— ѕ—н«е« »«ѕ»«д »—«Ё—«‘ еЭ е” 	г«бШ Ш‘ нЭе«н џжб БнШ—н
271	Не Ш”н г«бШ Ш‘ нЭе«н џжб БнШ—н е” 	ќѕ«ждѕ
272	Не Б«ѕ«‘н —« »е «д”«дн Ше «“ ќѕ« » —”ѕ гнЭѕеѕ.	»«џ е«нн Б—‘«ќ ж »—Р
273	Не Ш”н джЌ —« »е ”жн ёжг‘ Ё—” «ѕ	 ќѕ«ждѕ
274	ќѕ«ждѕ джЌ —« »е ”жн Не Ш”н Ё—” «ѕ	ёжг‘
275	«д”«де« Не Ш”н —« »дѕРн Шднѕ	ќѕ« —«
276	Не Ш”н Рд«е«д «д”«де« —« гн ¬г—“ѕ	 ќѕ«ждѕ
277	ќѕ«ждѕ Не Нн“н —« гн ¬г—“ѕ	Рд«е«д «д”«де«
278	ќѕ«ждѕ Не Ш”«дн —«  « “г«дн гЏнд геб  гнЭѕеѕ.	 «д”«де« 
279	ќѕ«ждѕ «д”«де« —«  « Не “г«дн геб  гнЭѕеѕ	  « “г«дн гЏнд
280	ќѕ«ждѕ «д”«де« —«  « “г«дн гЏнд Не гн Шдѕ	геб  гнЭѕеѕ
281	джЌ Не Ш”«дн —« ‘» ж —ж“ »е ”жн  ѕЏж  Ш—ѕ	джЌ ёжг ќжѕ —«
282	джЌ ёжг ќжѕ —« Не “г«дн »е ”жн  ѕЏж  Ш—ѕ	‘» ж —ж“
283	г—ѕг »—«н д‘днѕд Не гж÷жЏн г’— »жѕдѕ.	»—«н д‘днѕд Ќ—ЁЭе«н джЌ
284	Не Ш”«дн ѕЏж  джЌ —« »« џ—ж— ќ«’н —ѕ гнЭШ—ѕдѕ	ёжг джЌ
285	ёжг джЌ ѕЏж  джЌ —« »« Не Ќ«б н —ѕ гнЭШ—ѕдѕ	»« џ—ж— ќ«’н
286	ёжг джЌ ѕЏж  Не ‘ќ’н н —« »« џ—ж— ќ«’н —ѕ гнЭШ—ѕдѕ	ѕЏж  джЌ —«
287	джЌ НРжде г—ѕг —« »е ”жн ќѕ«ждѕ ѕЏж ‘«д Ш—ѕ.	»« ’ѕ«н »бдѕ 
288	г—ѕг Не Ш”н ¬г—“‘ »ќж«енѕ Ше «ж »”н«— ¬г—“дѕе «” 	«“ ќѕ«
289	г—ѕг «“ Не Ш”н »«нѕ ¬г—“‘ »ќж«енѕ	 «“ ќѕ«
290	ќѕ«ждѕ «д”«де« —« НРжде ¬Ё—нѕ	ѕ— г—«Ќб гќ бЁ
291	ќѕ«ждѕ Не Нн“н —« ѕ— г—«Ќб гќ бЁ гнЭ¬Ё—ндѕ	«д”«де« —« 
292	Не Ш”н «д”«де« —« ѕ— г—«Ќб гќ бЁ ¬Ё—нѕ	ќѕ«ждѕ
293	ќѕ«ждѕ еЁ  ¬”г«д —« НРжде ¬Ё—нѕ	ѕ— Ў»ё« н гќ бЁ
294	ќѕ«ждѕ Не Нн“н —« ѕ— Ў»ё« н гќ бЁ ¬Ё—нѕ	¬”г«д еЁ  —« 
295	Не Ш”н еЁ  ¬”г«д —« ѕ— Ў»ё« н гќ бЁ ¬Ё—нѕ	ќѕ«ждѕ
296	Не Ш”н еЁ  ¬”г«д —« ¬Ё—нѕ	ќѕ«ждѕ
297	ќѕ«ждѕ Не Нн“н —« ѕ— ¬”г«д ѕ—ќ‘«д Ш—ѕ	ќж—‘нѕ
298	ќѕ«ждѕ Не Нн“н —« ѕ— ¬”г«д  «»«д ё—«— Ш—ѕ	ќж—‘нѕ
299	ќѕ«ждѕ г«е ж ќж—‘нѕ —« ѕ— Шћ« ё—«— ѕ«ѕ	 ѕ— ¬”г«д
300	Не Ш”н «д”«де« —« ѕ— ¬ќ— »е ѕ—жд “гнд »«“ гнЭР—ѕ«дѕ	ќѕ«ждѕ
301	ќѕ«ждѕ Не Ш”«дн —« ѕ— ¬ќ— »е ѕ—жд “гнд »«“ гнЭР—ѕ«дѕ	 —« «д”«де«
302	ќѕ«ждѕ «д”«де« —« Не “г«дн »е ѕ—жд “гнд »«“ гнЭР—ѕ«дѕ	 ѕ— ¬ќ— 
303	ќѕ«ждѕ «д”«де« —« ѕ— ¬ќ— »е Шћ« »«“ гнЭР—ѕ«дѕ	 »е ѕ—жд “гнд
304	Не Ш”н ѕ— —ж“ ён«г  «“ ѕ—жд “гнд »н—жд «д гнЭ¬ж—ѕ.	ќѕ«ждѕ
305	ќѕ«ждѕ ѕ— Не “г«дн «“ ѕ—жд “гнд »н—жд «д гнЭ¬ж—ѕ.	 ѕ— —ж“ ён«г 
306	ќѕ«ждѕ ѕ— —ж“ ён«г  «“ Шћ« »е Ў—“ Џћн»н »н—жд «д гнЭ¬ж—ѕ.	«“ ѕ—жд “гнд
307	ќѕ«ждѕ ѕ— —ж“ ён«г  «“ ѕ—жд “гнд »« Не Ќ«б н »н—жд «д гнЭ¬ж—ѕ.	 »е Ў—“ Џћн»н
308	ќѕ«ждѕ ѕ— —ж“ ён«г  «д”«де« —« «“ Шћ« »н—жд гнЭ¬ж—ѕ.	 ѕ—жд “гнд
309	ёжг джЌ РЁ дѕ Не гЏ»жѕе«нн —« е—Р“ —е« дШднѕ.	”ж«Џ ж нџжЋ ж нЏжё ж д”— —«
310	ќѕ«ждѕ Не Ш”«дн —« ћ“ ÷б«б  гн «Ё“«нѕ	ў«бг«д —«
311	ёжг джЌ ”“«н Рд«е«д‘«д Не ‘ѕдѕ	џ—ё ‘ѕдѕ
312	ёжг джЌ ѕ— Не Нн“н Рн— «Ё «ѕдѕ	ѕ— ¬ ‘ »—“ќ
313	джЌ РЁ  Не Ш”«дн —« ѕ— “гнд »«ён дР–«—	»н ѕндЭе« —« 
